,,,,Overall,,,,,,,PP,,SH,,Defense,
Player Name,Team,Pos,Games,G,A,Pts,+/-,PIM,SOG,GWG,G,A,G,A,Hits,BS
Corey Perry,DAL,RW,82,50,48,98,9,104,290,11,14,17,4,1,64,41
Steven Stamkos,TB,C,82,45,46,91,3,74,272,8,17,19,0,0,84,37
Jarome Iginla,FA,RW,82,43,43,86,0,40,289,6,14,16,0,0,103,28
Ryan Kesler,ANH,C,82,41,32,73,24,66,260,7,15,15,3,1,124,80
Daniel Sedin,FA,LW,82,41,63,104,30,32,266,10,18,24,0,0,13,12
Patrick Marleau,PIT,LW,82,37,36,73,-3,16,279,9,11,15,2,1,86,31
Jeff Carter,LA,C,80,36,30,66,27,39,335,7,8,9,0,0,65,41
Bobby Ryan,OTT,RW,82,34,37,71,15,61,270,5,5,5,1,0,156,34
Daniel Briere,FA,RW,77,34,34,68,20,87,246,6,6,9,0,0,36,17
Michael Grabner,ARI,RW,76,34,18,52,13,10,228,3,2,2,6,1,22,26
Patrick Sharp,FA,LW,74,34,37,71,-1,38,268,6,12,14,2,1,76,26
Brenden Morrow,FA,LW,82,33,23,56,-3,76,209,5,9,4,1,0,225,43
Eric Staal,MIN,C,81,33,43,76,-10,72,296,8,12,17,3,0,81,31
Alex Ovechkin,WAS,LW,79,32,53,85,24,41,367,11,7,17,0,0,241,23
Rick Nash,FA,LW,75,32,34,66,2,34,305,7,6,8,0,0,91,19
Phil Kessel,ARI,RW,82,32,32,64,-20,24,325,6,12,11,1,0,11,22
Jonathan Toews,CHI,C,80,32,44,76,25,26,233,8,10,15,1,1,74,28
Thomas Vanek,FA,LW,80,32,41,73,2,24,238,5,11,17,0,0,30,12
Sidney Crosby,PIT,C,41,32,34,66,20,31,161,3,10,9,1,0,31,23
Logan Couture,SJ,C,79,32,24,56,18,41,253,8,10,4,0,0,60,66
Teemu Selanne,FA,RW,73,31,49,80,6,49,213,5,16,18,0,0,15,20
David Backes,ANH,RW,82,31,31,62,32,93,211,2,5,10,0,1,213,40
Drew Stafford,FA,RW,62,31,21,52,13,34,179,4,11,8,0,0,53,5
Matt Moulson,WAS,LW,82,31,22,53,-10,24,237,3,9,6,0,0,84,48
Jeff Skinner,BUF,LW,82,31,32,63,3,46,215,2,6,12,0,0,70,28
Martin St. Louis,FA,RW,82,31,68,99,0,12,254,7,4,37,0,0,37,64
Ilya Kovalchuk,WAS,RW,81,31,29,60,-26,28,245,9,9,12,0,0,28,12
Nikolay Kulemin,FA,RW,82,30,27,57,7,26,173,5,5,8,1,0,101,48
Milan Lucic,CGY,LW,79,30,32,62,28,121,173,7,5,9,0,0,167,22
Mikhail Grabovski,FA,C,81,29,29,58,14,60,239,4,10,5,0,0,44,25
John Tavares,TOR,C,79,29,38,67,-16,53,243,4,9,15,0,0,22,23
Andrew Ladd,NYI,LW,81,29,30,59,-10,39,195,2,9,9,2,1,68,45
Brian Gionta,FA,RW,82,29,17,46,3,24,298,6,7,4,2,0,87,31
Johan Franzen,DET,RW,76,28,27,55,5,58,248,5,10,7,0,0,143,29
Chris Stewart,PHI,RW,62,28,25,53,-6,53,162,5,12,4,0,0,56,18
Brad Richards,FA,C,72,28,49,77,1,24,272,3,7,22,0,0,20,22
Dustin Brown,LA,RW,82,28,29,57,17,67,228,2,7,8,0,0,300,29
Alexander Semin,FA,LW,65,28,26,54,22,71,196,4,6,12,1,0,27,6
Rene Bourque,FA,LW,80,27,23,50,-17,42,218,6,6,9,1,2,90,26
Loui Eriksson,VAN,RW,79,27,46,73,10,8,179,6,10,15,1,2,26,46
Patrick Kane,CHI,RW,73,27,46,73,7,28,216,2,5,19,0,0,17,17
David Jones,FA,RW,77,27,18,45,-2,28,153,4,6,3,0,1,93,38
Matt Duchene,NSH,C,80,27,40,67,-8,33,202,2,3,12,0,0,57,48
Alex Burrows,FA,RW,72,26,22,48,26,77,152,4,1,0,1,1,84,24
Dany Heatley,FA,LW,80,26,38,64,8,56,217,5,11,19,1,1,104,29
Erik Cole,FA,RW,82,26,26,52,-1,49,201,9,3,5,1,1,225,34
Nathan Horton,TOR,RW,80,26,27,53,29,85,188,2,6,2,0,0,74,14
Dan Cleary,FA,LW,68,26,20,46,-1,20,192,8,5,3,0,0,112,25
Marian Hossa,FA,RW,65,25,32,57,9,32,205,2,8,11,2,1,48,23
Claude Giroux,PHI,C,82,25,51,76,20,47,169,5,8,11,3,4,117,44
R.J. Umberger,FA,LW,82,25,32,57,3,38,220,3,8,5,3,0,114,70
Anze Kopitar,LA,C,75,25,48,73,25,20,233,6,6,12,1,0,92,45
Vincent Lecavalier,FA,C,65,25,29,54,-5,43,210,5,12,16,0,0,93,25
Scott Hartnell,FA,LW,82,24,25,49,14,142,177,4,4,6,0,0,168,38
Blake Comeau,DAL,LW,77,24,22,46,-17,43,182,3,5,7,1,0,120,32
Henrik Zetterberg,DET,LW,80,24,56,80,-1,40,306,3,10,20,0,1,38,19
Mike Knuble,FA,RW,79,24,16,40,10,36,203,1,7,5,1,1,74,31
Ryane Clowe,FA,LW,75,24,38,62,13,100,185,2,5,8,0,0,153,22
Brandon Dubinsky,CLS,C,77,24,30,54,-3,100,202,2,4,7,2,2,141,31
Curtis Glencross,FA,LW,79,24,19,43,6,59,149,4,3,2,2,1,105,54
Ryan Callahan,OTT,RW,60,23,25,48,-7,46,179,5,10,5,0,2,224,77
Mike Richards,FA,C,81,23,43,66,11,62,184,4,5,16,3,3,104,73
Dustin Penner,FA,LW,81,23,22,45,-12,47,173,3,6,2,1,0,90,30
David Booth,FA,LW,82,23,17,40,-31,26,280,3,8,2,0,0,129,25
Sergei Kostitsyn,FA,LW,77,23,27,50,10,20,93,2,4,9,1,0,41,15
Pavel Datsyuk,FA,C,56,23,36,59,11,15,137,5,6,12,1,0,54,20
Ryan Smyth,FA,LW,82,23,24,47,-1,35,195,2,9,5,0,0,25,18
Chris Kunitz,FA,LW,66,23,25,48,18,47,133,2,7,4,1,1,155,14
Justin Williams,CAR,RW,73,22,35,57,14,59,213,3,5,8,0,0,51,29
Devin Setoguchi,FA,RW,72,22,19,41,-2,37,199,5,4,6,0,0,138,25
Jamie Benn,DAL,C,69,22,34,56,-5,52,177,3,6,5,4,2,124,41
Taylor Hall,ARI,LW,65,22,20,42,-9,27,186,4,8,3,0,0,48,37
Alex Tanguay,FA,LW,79,22,47,69,0,24,120,2,3,17,0,0,31,38
Jason Pominville,FA,RW,73,22,30,52,1,15,215,2,5,9,1,0,35,50
Paul Stastny,VGK,C,74,22,35,57,-7,56,181,3,4,15,1,0,74,31
James Neal,EDM,RW,79,22,23,45,7,66,212,3,5,5,0,0,159,26
Martin Havlat,FA,RW,78,22,40,62,-10,52,229,4,3,11,0,0,34,24
Tomas Plekanec,FA,C,77,22,35,57,8,60,227,4,3,15,1,1,53,45
Patrice Bergeron,BOS,C,80,22,35,57,20,26,211,4,3,8,2,1,45,56
Scottie Upshall,FA,LW,82,22,12,34,-7,52,191,2,2,1,0,0,108,26
Marian Gaborik,OTT,RW,62,22,26,48,8,18,192,4,7,9,0,0,46,22
Patrik Berglund,FA,C,81,22,30,52,-3,26,175,1,8,9,0,1,116,33
Milan Hejduk,FA,RW,71,22,34,56,-23,18,170,2,10,14,0,0,9,31
Patrik Elias,FA,LW,81,21,41,62,-4,16,204,5,7,13,1,0,62,25
Joe Thornton,SJ,C,80,21,49,70,4,47,149,3,9,24,2,0,56,35
Clarke MacArthur,OTT,LW,82,21,41,62,-3,37,154,3,6,13,0,0,115,20
Stephen Weiss,FA,C,76,21,28,49,-9,49,172,1,3,16,2,0,52,44
Tyler Kennedy,FA,LW,80,21,24,45,1,37,234,2,7,7,0,0,95,23
Jason Spezza,TOR,C,62,21,36,57,-7,28,188,2,7,10,0,1,14,24
Kris Versteeg,FA,LW,80,21,25,46,-9,53,180,0,6,8,1,0,45,57
Matt D'Agostini,FA,RW,82,21,25,46,8,40,163,5,6,8,0,0,70,36
Patric Hornqvist,PIT,RW,79,21,27,48,11,47,265,5,6,8,0,0,86,36
James van Riemsdyk,PHI,LW,75,21,19,40,15,35,173,4,3,1,0,0,107,25
Brad Marchand,BOS,LW,77,21,20,41,25,51,149,2,2,1,5,1,89,30
Derek Stepan,ARI,C,82,21,24,45,8,20,166,3,3,7,0,0,83,26
Brian Boyle,FLA,C,82,21,14,35,2,74,218,2,4,0,1,3,240,86
Tyler Ennis,EDM,LW,82,20,29,49,0,30,210,1,5,9,0,0,42,27
Shane Doan,FA,RW,72,20,40,60,5,67,221,6,11,10,0,0,172,28
Dustin Byfuglien,FA,D,81,20,33,53,-2,93,347,6,8,16,0,0,140,72
Andrei Kostitsyn,FA,LW,81,20,25,45,3,36,196,6,5,6,0,0,140,26
Andy McDonald,FA,LW,58,20,30,50,18,26,180,3,5,12,1,0,40,27
P.A. Parenteau,FA,RW,81,20,33,53,-8,46,161,2,9,11,0,0,118,28
Jarret Stoll,FA,C,82,20,23,43,-6,42,187,5,4,8,1,2,164,41
Alexander Steen,STL,LW,72,20,31,51,-3,26,218,5,1,9,2,0,39,28
Mike Santorelli,FA,C,82,20,21,41,-17,20,193,1,5,7,1,0,60,22
Joe Pavelski,DAL,RW,74,20,46,66,10,24,282,5,11,17,1,2,61,67
Ville Leino,FA,LW,81,19,34,53,14,22,117,2,5,6,0,0,35,40
Antoine Vermette,FA,C,82,19,28,47,0,60,183,3,3,7,1,0,123,47
Ryan Getzlaf,ANH,C,67,19,57,76,14,35,117,4,7,20,0,0,189,57
Mike Fisher,FA,C,82,19,17,36,-17,43,192,2,4,10,0,0,135,89
Henrik Sedin,FA,C,82,19,75,94,26,40,157,4,8,27,0,0,15,21
Jussi Jokinen,FA,LW,70,19,33,52,3,24,136,1,8,10,0,0,45,38
Lauri Korpikoski,FA,LW,79,19,21,40,17,20,103,4,0,1,2,2,87,50
Cal Clutterbuck,NYI,RW,76,19,15,34,-5,79,191,3,4,1,0,1,336,32
Radim Vrbata,FA,RW,79,19,29,48,5,20,240,2,10,7,0,0,42,22
Tuomo Ruutu,FA,LW,82,19,38,57,1,54,148,1,7,9,0,0,309,38
Evander Kane,SJ,LW,73,19,24,43,-12,68,234,2,4,4,0,0,154,32
Lee Stempniak,FA,RW,82,19,19,38,4,19,199,0,2,4,0,0,124,21
Michael Cammalleri,FA,LW,67,19,28,47,2,33,193,2,7,14,0,0,17,19
Mike Ribeiro,FA,C,82,19,52,71,-4,28,161,4,7,16,0,0,95,33
Blake Wheeler,WPG,RW,81,18,26,44,10,46,179,2,0,5,0,0,74,47
Rich Peverley,FA,C,82,18,23,41,-17,37,201,3,6,6,2,1,32,44
Jordan Eberle,NYI,RW,69,18,25,43,-12,22,158,5,4,7,2,0,32,17
Dominic Moore,FA,C,77,18,14,32,-12,52,175,3,6,1,0,0,80,42
Andrew Brunette,FA,LW,82,18,28,46,-7,16,117,3,8,10,0,0,27,31
Lubomir Visnovsky,FA,D,81,18,50,68,18,24,152,4,5,26,0,0,52,116
Ryan Jones,FA,LW,81,18,7,25,-5,34,126,2,2,2,1,0,152,57
Nicklas Backstrom,WAS,C,78,18,47,65,24,40,202,2,4,18,1,0,69,64
Mikael Samuelsson,FA,RW,75,18,32,50,8,36,215,2,5,14,0,0,76,21
Artem Anisimov,OTT,C,82,18,26,44,3,20,190,2,3,5,0,0,74,45
Milan Michalek,FA,LW,66,18,15,33,-12,49,167,0,1,3,4,0,49,41
Bryan Little,WPG,C,76,18,30,48,11,33,158,1,2,8,2,1,41,31
Taylor Pyatt,FA,LW,76,18,13,31,11,27,126,6,2,2,0,0,143,48
Tomas Holmstrom,FA,LW,73,18,19,37,-6,62,125,1,10,10,0,0,81,11
Michael Ryder,FA,RW,79,18,23,41,-1,26,165,6,8,6,0,0,70,19
Mikko Koivu,MIN,C,71,17,45,62,4,50,191,3,7,15,1,0,63,29
David Moss,FA,RW,58,17,13,30,9,18,127,3,5,2,0,0,92,32
Teddy Purcell,FA,RW,81,17,34,51,5,10,196,1,3,18,0,0,21,16
Brent Burns,SJ,D,80,17,29,46,-10,98,170,3,8,6,0,1,133,106
Pascal Dupuis,FA,RW,81,17,20,37,16,59,171,3,0,0,4,1,117,55
Simon Gagne,FA,LW,63,17,23,40,-12,20,154,3,7,8,0,0,49,20
Ray Whitney,FA,LW,75,17,40,57,0,24,156,1,3,23,0,0,29,15
Brad Boyes,FA,RW,83,17,38,55,13,36,178,3,6,7,0,0,67,33
David Legwand,FA,C,64,17,24,41,13,24,130,3,0,4,2,0,36,20
Bryan Bickell,FA,LW,78,17,20,37,6,40,130,2,2,1,0,0,178,13
Derick Brassard,NYI,C,74,17,30,47,-11,55,183,3,6,10,0,0,121,14
Martin Erat,FA,RW,64,17,33,50,14,22,135,3,7,8,0,0,57,21
Jason Arnott,FA,C,73,17,14,31,-6,40,169,1,4,4,0,0,42,11
Troy Brouwer,STL,RW,79,17,19,36,-2,38,122,5,7,6,0,0,261,36
Olli Jokinen,FA,C,79,17,37,54,-17,44,208,1,5,14,0,0,56,35
Todd Bertuzzi,FA,RW,81,16,29,45,-7,71,138,2,2,5,0,0,110,21
Chad LaRose,FA,RW,82,16,15,31,-21,59,176,0,2,1,1,1,196,23
Nikolay Zherdev,FA,RW,56,16,6,22,5,22,135,1,1,2,0,0,39,6
Colin Wilson,COL,LW,82,16,18,34,9,17,101,2,2,4,0,0,38,24
Nicklas Lidstrom,FA,D,82,16,46,62,-2,20,175,1,7,32,0,1,49,92
Jason Blake,FA,LW,76,16,16,32,-5,41,187,3,3,4,0,0,76,27
Brooks Laich,FA,C,82,16,32,48,14,46,207,3,4,9,1,2,113,54
Nathan Gerbe,CLS,LW,64,16,15,31,11,34,171,3,2,2,0,0,53,23
Alexei Kovalev,FA,RW,74,16,18,34,-6,44,151,3,6,4,0,0,14,8
Martin Hanzal,DAL,C,61,16,10,26,4,54,149,5,7,0,0,0,147,35
Valtteri Filppula,DET,C,71,16,23,39,-1,22,115,5,4,4,0,0,30,25
Antti Miettinen,FA,RW,73,16,19,35,-3,38,168,4,8,6,0,0,109,14
Kyle Brodziak,FA,C,80,16,21,37,-4,56,126,1,2,2,1,3,52,55
Shea Weber,MON,D,82,16,32,48,7,56,254,3,6,11,1,0,211,113
Nik Antropov,FA,C,76,16,25,41,-17,42,105,2,5,11,0,0,62,39
Saku Koivu,FA,C,75,15,30,45,-8,36,104,3,4,11,0,0,48,35
Dave Bolland,FA,C,61,15,22,37,11,34,102,1,4,8,0,0,41,35
Magnus Paajarvi,FA,LW,80,15,19,34,-13,16,180,0,3,6,0,0,22,25
Tyler Bozak,STL,C,82,15,17,32,-29,14,120,4,6,5,1,0,85,48
Mason Raymond,FA,LW,70,15,24,39,8,10,197,5,2,4,1,0,38,14
Sam Gagner,DET,C,68,15,27,42,-17,37,138,2,3,6,1,0,24,29
Evgeni Malkin,PIT,C,43,15,22,37,-4,18,182,3,5,9,0,0,32,11
Tomas Kopecky,FA,RW,81,15,27,42,-13,60,178,2,3,10,0,0,77,24
Brian Rolston,FA,LW,65,14,20,34,-6,34,168,4,6,5,0,1,67,20
Daniel Alfredsson,FA,RW,54,14,17,31,-19,18,96,1,7,5,0,0,41,21
Chris Kelly,FA,RW,81,14,14,28,-13,33,113,2,0,0,1,2,81,54
Ryan Malone,FA,LW,54,14,24,38,-3,51,149,1,9,9,0,0,125,19
Jakub Voracek,PHI,LW,80,14,32,46,-3,26,183,2,2,6,0,0,55,22
Kevin Porter,BUF,C,74,14,11,25,-11,27,102,3,1,1,0,0,126,29
Brandon Sutter,VAN,C,82,14,15,29,13,25,145,3,1,2,0,1,69,73
Kristian Huselius,FA,LW,39,14,9,23,-17,10,94,1,6,2,0,0,4,4
Mark Letestu,WPG,C,64,14,13,27,4,13,128,3,4,2,0,0,51,15
Wayne Simmonds,BUF,RW,80,14,16,30,-2,75,117,3,1,0,0,0,125,23
Zdeno Chara,BOS,D,81,14,30,44,33,88,264,2,8,7,1,1,153,111
Joffrey Lupul,FA,LW,54,14,17,31,-11,33,129,2,4,9,0,0,63,29
P.K. Subban,NJ,D,77,14,24,38,-8,124,197,3,9,9,0,0,110,106
Alex Goligoski,ARI,D,83,14,32,46,20,40,162,4,7,17,0,0,75,106
Anthony Stewart,FA,RW,80,14,25,39,-10,55,141,2,5,5,0,0,98,35
Nick Foligno,CLS,LW,82,14,20,34,-19,43,149,3,5,5,0,0,119,41
Mark Recchi,FA,RW,81,14,34,48,13,35,132,6,6,11,0,1,81,25
Marty Reasoner,FA,C,82,14,18,32,2,22,124,4,0,1,0,0,71,57
Max Pacioretty,VGK,LW,37,14,10,24,-1,39,112,2,7,1,0,0,67,13
Ales Hemsky,FA,RW,47,14,28,42,3,18,100,1,1,8,1,1,29,18
Sean Bergenheim,FA,LW,80,14,15,29,0,56,182,1,2,2,0,0,109,37
Raffi Torres,FA,LW,80,14,15,29,4,78,115,4,3,1,0,0,134,19
Christian Ehrhoff,FA,D,79,14,36,50,19,52,209,3,6,22,0,1,54,108
Eric Belanger,FA,C,82,13,27,40,11,36,127,2,1,4,1,0,71,45
Frans Nielsen,DET,C,71,13,31,44,13,38,156,1,0,8,7,1,23,63
Marcus Johansson,BUF,LW,69,13,14,27,2,10,102,2,2,1,1,0,47,22
Brandon Prust,FA,LW,82,13,16,29,2,160,87,1,0,1,5,2,161,36
Sergei Samsonov,FA,LW,78,13,27,40,-2,14,123,1,4,9,0,0,56,34
Patrick Eaves,ANH,RW,63,13,7,20,-2,14,108,1,2,0,1,0,106,27
Ryan O'Reilly,STL,C,74,13,13,26,-7,16,119,0,2,2,1,1,53,31
Tim Connolly,FA,C,68,13,29,42,-10,20,151,3,6,13,0,0,24,53
David Krejci,BOS,C,75,13,49,62,23,28,157,2,1,11,0,0,56,40
Jordan Leopold,FA,D,71,13,22,35,-11,36,134,1,5,6,0,0,49,123
Travis Zajac,NJ,C,82,13,31,44,-6,24,173,1,2,8,1,1,56,31
Dainius Zubrus,FA,RW,79,13,17,30,-11,53,115,2,1,2,0,1,106,32
Chris Higgins,FA,LW,62,13,15,28,5,16,160,0,1,0,0,1,80,36
Gregory Campbell,FA,C,80,13,16,29,11,93,98,1,1,1,1,3,119,52
Benoit Pouliot,FA,LW,79,13,17,30,2,87,129,4,1,0,0,0,110,20
Rob Schremp,FA,C,63,13,13,26,-20,16,83,3,4,3,0,0,34,21
Erik Karlsson,SJ,D,75,13,32,45,-30,50,182,4,4,17,0,1,32,74
Cory Stillman,FA,LW,65,12,27,39,5,24,116,2,3,9,0,0,64,30
Paul Gaustad,FA,C,81,12,19,31,7,101,117,3,1,1,0,1,128,44
David Clarkson,TOR,RW,82,12,6,18,-20,116,192,1,1,1,0,0,170,19
Matt Cullen,FA,C,78,12,27,39,-14,34,150,2,5,16,4,0,39,36
Mathieu Darche,FA,LW,59,12,14,26,7,10,90,1,2,5,0,0,73,30
Steve Ott,FA,C,82,12,20,32,-9,183,120,4,3,7,2,2,252,44
Niclas Bergfors,FA,RW,72,12,24,36,-9,8,152,1,3,6,0,0,12,13
Tomas Fleischmann,FA,LW,45,12,19,31,2,18,98,2,3,3,0,0,15,14
John Madden,FA,C,76,12,13,25,-9,10,107,4,1,1,1,0,43,59
Viktor Stalberg,FA,LW,77,12,12,24,2,43,135,3,0,1,0,0,102,25
Michal Handzus,FA,C,82,12,18,30,-5,20,94,3,4,6,0,1,86,48
Jochen Hecht,FA,LW,67,12,17,29,4,40,172,4,0,2,0,0,32,26
Wojtek Wolski,FA,LW,73,12,23,35,6,18,135,1,1,3,0,0,47,12
T.J. Oshie,WAS,RW,49,12,22,34,10,15,103,3,3,6,1,0,71,40
Pierre-Marc Bouchard,FA,LW,59,12,26,38,-3,14,98,2,0,10,0,0,15,10
Brandon Yip,FA,RW,71,12,10,22,-22,54,127,1,3,2,1,0,77,21
Darren Helm,DET,C,82,12,20,32,9,16,177,2,0,0,2,1,128,30
Matt Cooke,FA,LW,67,12,18,30,14,129,95,2,0,0,3,3,192,39
Jeff Halpern,FA,C,72,11,15,26,6,29,62,3,0,0,1,0,42,53
Matt Calvert,COL,LW,42,11,9,20,3,12,50,1,3,1,0,0,51,8
Drew Doughty,LA,D,76,11,29,40,13,68,139,3,5,10,0,0,137,101
Daniel Winnik,FA,LW,80,11,15,26,-2,35,167,1,2,3,2,1,54,52
Josh Bailey,NYI,LW,70,11,17,28,-13,37,102,2,5,4,0,3,47,41
Niklas Hagman,FA,LW,71,11,16,27,-2,24,140,0,4,3,0,0,35,12
Jordan Staal,CAR,C,42,11,19,30,7,24,91,4,3,4,0,2,70,13
Brandon McMillan,FA,LW,60,11,10,21,-5,18,77,2,2,1,2,2,53,24
Andreas Nodl,FA,RW,67,11,11,22,14,16,100,2,1,0,1,0,111,25
Keith Yandle,FLA,D,82,11,48,59,12,68,199,0,3,23,0,1,30,103
Anton Babchuk,CGY,D,82,11,24,35,14,32,132,2,6,7,1,1,19,156
Joe Corvo,FA,D,82,11,29,40,-14,18,191,1,5,18,1,0,55,119
Manny Malhotra,FA,C,72,11,19,30,9,22,111,2,3,3,1,1,57,74
Andrew Cogliano,DAL,LW,82,11,24,35,-12,64,129,3,0,5,1,2,89,46
Ryan Shannon,FA,RW,79,11,16,27,3,24,118,1,5,4,1,0,34,35
Niklas Kronwall,FA,D,77,11,26,37,5,36,131,3,5,8,0,0,113,129
Tyler Seguin,DAL,C,74,11,11,22,-4,18,131,0,1,2,0,0,20,21
Alex Pietrangelo,STL,D,79,11,32,43,18,19,161,1,4,10,0,1,57,121
Kyle Turris,NSH,C,65,11,14,25,0,16,116,1,0,1,0,0,30,15
Erik Christensen,FA,C,63,11,16,27,3,18,86,1,4,3,0,0,34,11
Michael Frolik,BUF,LW,80,11,27,38,2,30,251,1,1,5,0,0,52,37
Mikael Backlund,CGY,C,73,10,15,25,4,18,144,1,2,2,0,1,35,19
Tim Jackman,FA,RW,82,10,13,23,4,86,131,1,1,2,0,0,133,21
James Wisniewski,FA,D,75,10,41,51,-14,38,158,2,7,22,0,0,108,119
Cam Fowler,ANH,D,76,10,30,40,-25,20,123,3,6,17,0,0,45,93
Jiri Hudler,FA,RW,73,10,27,37,-7,28,105,2,3,9,0,0,35,11
Steve Sullivan,NJ,LW,44,10,12,22,4,28,79,1,3,4,0,0,18,10
Steve Downie,ARI,RW,57,10,22,32,8,171,83,1,2,3,0,0,94,21
Eric Fehr,FA,RW,52,10,10,20,0,16,120,1,3,4,0,0,34,20
Dennis Wideman,FA,D,75,10,30,40,-19,39,160,1,9,13,0,0,95,126
Drew Miller,FA,LW,67,10,8,18,-2,13,85,2,0,0,1,0,84,58
Joel Ward,FA,RW,80,10,19,29,-1,42,157,4,5,0,0,1,67,57
Jason Chimera,FA,LW,81,10,16,26,-10,64,162,1,2,1,0,0,98,16
Ruslan Fedotenko,FA,LW,66,10,15,25,9,25,120,0,0,2,1,0,150,50
Derek Roy,FA,C,35,10,25,35,-1,16,89,1,2,12,0,0,16,16
Toby Enstrom,FA,D,72,10,41,51,-10,54,113,0,6,22,0,1,30,137
Tyler Myers,VAN,D,80,10,27,37,0,40,122,5,3,11,0,0,107,98
Shawn Thornton,FA,LW,79,10,10,20,8,122,151,2,0,0,0,0,141,18
Nate Thompson,PHI,C,79,10,15,25,-6,29,123,2,0,1,1,0,115,81
Brad Winchester,FA,LW,76,10,6,16,-18,114,90,1,3,1,0,0,171,18
Bobby Butler,FA,RW,36,10,11,21,-16,10,73,3,1,4,0,0,28,15
J.P. Dumont,FA,RW,70,10,9,19,2,16,89,2,1,3,0,0,45,8
Chris Thorburn,FA,RW,82,9,10,19,-4,77,114,0,2,1,0,0,129,71
Brett Clark,FA,D,82,9,22,31,2,14,87,1,6,11,0,0,117,157
Vinny Prospal,FA,LW,29,9,14,23,4,8,61,0,2,8,0,0,44,15
Derek MacKenzie,FA,C,63,9,14,23,14,22,76,1,0,1,1,1,159,26
Jannik Hansen,FA,RW,82,9,20,29,13,32,113,2,0,0,0,1,149,26
Michael Rupp,FA,RW,81,9,8,17,-4,124,81,1,0,1,0,0,181,17
Dan Boyle,FA,D,76,9,41,50,2,67,199,2,4,23,0,0,55,139
Chuck Kobasew,FA,RW,63,9,7,16,-6,19,74,1,0,0,0,0,31,20
Jeff Tambellini,FA,LW,62,9,8,17,10,18,114,0,1,3,0,0,113,21
Brent Seabrook,CHI,D,82,9,39,48,0,47,135,1,5,15,0,2,227,154
Marcel Goc,FA,C,51,9,15,24,10,6,111,2,0,0,1,0,51,13
Nick Palmieri,FA,RW,43,9,8,17,9,6,66,2,1,1,0,0,36,8
Eric Brewer,FA,D,76,9,7,16,6,81,110,1,0,0,0,0,145,120
Jamie Langenbrunner,FA,RW,70,9,23,32,-18,45,153,3,1,6,0,0,96,25
Torrey Mitchell,FA,C,66,9,14,23,10,46,116,1,0,0,0,0,57,27
Brendan Morrison,FA,C,66,9,34,43,13,16,89,1,3,9,1,1,22,18
Shawn Horcoff,FA,C,47,9,18,27,-1,46,78,1,5,5,0,1,32,20
Kevin Shattenkirk,TB,D,72,9,34,43,-4,36,108,2,3,12,0,0,66,96
Matt Hendricks,FA,LW,77,9,16,25,-2,110,113,3,1,1,0,0,169,38
Patrick Dwyer,FA,RW,80,8,10,18,-6,12,104,2,0,1,1,0,166,63
Mark Giordano,CGY,D,82,8,35,43,-8,67,165,1,5,20,0,0,140,193
Trevor Daley,DET,D,82,8,19,27,7,34,131,1,2,3,0,0,32,124
Kurtis Foster,PHI,D,74,8,14,22,-12,45,182,0,5,9,0,0,89,76
Cody Franson,FA,D,80,8,21,29,10,30,156,2,2,4,0,0,81,52
Alexander Edler,VAN,D,51,8,25,33,13,24,121,1,5,12,0,0,83,86
Jack Skille,FA,RW,62,8,11,19,-9,29,154,1,1,0,0,0,134,20
Tom Kostopoulos,FA,RW,76,8,10,18,-4,74,79,0,2,1,0,0,122,41
Evgenii Dadonov,FLA,RW,36,8,9,17,0,14,60,0,1,0,0,0,45,11
Tim Brent,FA,C,79,8,12,20,-4,33,60,1,0,4,1,1,104,58
Mike Green,EDM,D,49,8,16,24,6,48,115,1,5,5,0,1,100,109
Colby Armstrong,FA,RW,50,8,15,23,-1,38,69,0,0,0,0,0,88,28
Kris Letang,PIT,D,82,8,42,50,15,101,236,2,4,20,0,1,167,109
David Desharnais,FA,C,43,8,14,22,-3,12,55,0,4,4,0,0,16,19
Mattias Tedenby,FA,LW,58,8,14,22,3,14,87,2,2,3,0,0,24,2
Nick Spaling,FA,C,74,8,6,14,-10,20,75,2,1,0,0,0,37,33
Dion Phaneuf,FA,D,66,8,22,30,-2,88,190,1,3,9,0,1,186,121
Maxime Talbot,FA,C,82,8,13,21,-3,66,117,2,0,0,2,1,154,40
Andrej Meszaros,FA,D,81,8,24,32,30,42,144,2,3,3,0,0,189,139
Cody McCormick,FA,C,81,8,12,20,2,142,104,1,0,1,0,0,108,60
Jordin Tootoo,FA,RW,54,8,10,18,8,61,85,1,0,0,0,0,95,17
Erik Johnson,COL,D,77,8,21,29,-13,56,161,2,3,7,1,1,99,133
Adam Burish,FA,RW,63,8,6,14,2,91,89,1,0,0,0,0,77,70
Alex Frolov,FA,LW,43,7,9,16,4,8,78,2,0,1,0,0,39,15
Justin Abdelkader,DET,LW,74,7,12,19,15,61,129,1,0,0,0,1,188,39
Bryan McCabe,FA,D,67,7,21,28,2,34,122,0,4,9,0,0,86,72
Brad Richardson,ARI,C,68,7,12,19,-13,47,103,1,0,0,1,0,84,11
Gilbert Brule,FA,C,41,7,2,9,-7,41,72,1,1,0,0,0,95,16
Jared Boll,FA,RW,73,7,5,12,-2,182,66,2,0,0,0,0,144,18
Darroll Powe,FA,C,81,7,10,17,-6,41,87,2,0,0,2,1,196,60
Mathieu Perreault,WPG,C,35,7,7,14,-3,20,41,1,1,2,0,0,13,9
Jamie McBain,FA,D,76,7,23,30,-8,32,95,2,1,7,0,0,41,117
B.J. Crombeen,FA,RW,80,7,7,14,-18,154,113,0,0,0,1,0,93,15
Marek Zidlicky,FA,D,46,7,17,24,-6,30,53,0,3,6,0,0,66,63
Duncan Keith,CHI,D,82,7,38,45,-1,22,173,1,3,19,1,0,45,149
Marc Staal,NYR,D,77,7,22,29,8,50,116,2,4,7,2,2,140,109
Adam Hall,FA,RW,82,7,11,18,-12,32,167,1,0,0,0,0,152,59
Fredrik Modin,FA,LW,40,7,3,10,-14,14,54,0,0,0,1,0,19,22
John Carlson,WAS,D,82,7,30,37,21,44,144,3,1,5,0,0,70,160
Tom Wandell,FA,C,75,7,2,9,-5,14,94,1,0,0,0,0,65,49
Dustin Jeffrey,FA,C,25,7,5,12,5,4,39,1,1,0,0,0,14,10
Ben Eager,FA,LW,68,7,10,17,4,120,84,1,0,0,0,0,87,28
Jay McClement,FA,C,80,7,13,20,-21,30,127,1,1,0,0,1,75,63
Fernando Pisani,FA,RW,60,7,9,16,0,10,72,1,1,0,0,0,69,21
Radek Dvorak,FA,RW,66,7,15,22,2,24,109,3,0,0,1,0,51,33
Chris Conner,NJ,RW,60,7,9,16,5,10,91,3,0,0,0,0,50,20
Fedor Tyutin,FA,D,80,7,20,27,-12,32,128,0,1,11,0,0,120,93
T.J. Galiardi,FA,LW,35,7,8,15,-6,12,62,1,0,2,0,0,41,19
Vladimir Sobotka,BUF,C,65,7,22,29,-4,69,75,0,1,4,1,0,137,37
Scott Gomez,FA,C,80,7,31,38,-15,48,157,2,3,14,0,1,32,24
Dennis Seidenberg,FA,D,81,7,25,32,3,41,166,2,1,10,0,0,161,174
Lars Eller,WAS,C,77,7,10,17,-4,48,79,2,0,0,0,0,85,22
Kyle Clifford,TOR,LW,76,7,7,14,-10,141,69,0,0,0,0,0,138,17
Sami Pahlsson,FA,C,82,7,13,20,-13,30,108,1,0,0,1,0,162,49
Sergei Gonchar,FA,D,67,7,20,27,-15,20,107,0,5,15,0,0,54,94
Matt Stajan,FA,C,76,6,25,31,1,32,81,0,0,1,1,1,66,24
David Steckel,FA,C,75,6,6,12,-6,26,79,1,0,0,1,0,104,50
Alex Burmistrov,FA,C,74,6,14,20,-12,27,92,2,0,0,0,1,62,22
Kimmo Timonen,FA,D,82,6,31,37,11,36,147,0,1,15,2,0,96,175
Blake Geoffrion,FA,LW,20,6,2,8,3,7,24,1,0,0,0,0,8,4
Eric Boulton,FA,LW,69,6,4,10,1,87,51,1,0,0,0,0,93,20
John-Michael Liles,FA,D,76,6,40,46,-9,35,163,0,3,15,0,0,59,153
Maxim Lapierre,FA,C,78,6,6,12,-14,80,129,0,0,0,0,0,194,23
Dmitry Kulikov,WPG,D,72,6,20,26,-5,45,83,1,1,4,0,0,107,79
Kevin Bieksa,FA,D,66,6,16,22,32,73,105,2,1,2,0,0,104,93
Carlo Colaiacovo,FA,D,65,6,20,26,-4,23,81,1,1,10,0,0,75,79
Philippe Dupuis,FA,C,74,6,11,17,-4,40,101,0,0,0,1,1,128,28
Chris Neil,FA,RW,80,6,10,16,-14,210,105,2,0,0,0,0,258,21
Mats Zuccarello,MIN,RW,42,6,17,23,3,4,74,2,0,9,0,0,56,19
Michal Rozsival,FA,D,65,6,15,21,6,42,55,3,2,6,0,0,100,108
Daniel Paille,FA,LW,43,6,7,13,3,28,48,0,0,0,1,0,24,17
Tom Gilbert,FA,D,79,6,20,26,-14,32,106,0,3,7,0,2,69,172
Rostislav Olesz,FA,LW,44,6,11,17,-1,8,71,1,1,0,0,0,68,19
Erik Condra,COL,RW,26,6,5,11,-1,12,48,2,1,0,0,1,4,21
Colin Greening,FA,LW,24,6,7,13,2,10,57,2,0,0,0,0,56,9
Shawn Matthias,FA,C,51,6,10,16,0,16,90,0,0,2,0,0,60,20
Jake Dowell,FA,C,79,6,15,21,5,63,74,0,0,0,0,3,108,43
Jesse Joensuu,FA,RW,42,6,3,9,-6,33,41,2,0,0,0,0,59,13
Dan Hamhuis,NSH,D,64,6,17,23,29,34,109,1,2,5,0,0,76,89
Cal O'Reilly,PHI,C,38,6,12,18,4,2,44,1,1,3,0,0,5,13
Dana Tyrell,FA,RW,78,6,9,15,-5,12,73,1,0,0,0,0,47,33
Vernon Fiddler,FA,C,71,6,16,22,3,46,97,2,0,1,1,1,85,60
Travis Moen,FA,LW,79,6,10,16,-4,96,99,0,0,0,1,0,129,42
Kris Draper,FA,LW,47,6,5,11,1,12,57,1,0,0,0,0,45,11
Jiri Tlusty,FA,LW,57,6,6,12,1,14,53,0,0,0,0,0,36,19
Jan Hejda,FA,D,77,5,15,20,-6,28,79,0,0,0,0,1,152,158
Greg Mauldin,FA,C,29,5,5,10,5,8,46,1,0,0,2,0,56,11
Jack Johnson,PIT,D,82,5,37,42,-21,44,153,0,3,25,0,1,84,133
Zach Bogosian,TB,D,71,5,12,17,-27,29,155,1,0,4,0,0,111,91
Matt Martin,NYI,LW,68,5,9,14,-13,147,60,1,0,0,0,1,299,49
Darryl Boyce,FA,C,46,5,8,13,8,33,27,1,0,0,0,0,68,19
Steve Bernier,NYI,RW,68,5,10,15,-14,21,97,0,3,0,0,0,112,35
Joni Pitkanen,FA,D,72,5,30,35,-2,60,144,1,1,11,0,0,66,130
Linus Omark,FA,LW,51,5,22,27,-16,26,76,0,1,7,0,0,13,19
Kris Russell,EDM,D,73,5,18,23,-9,37,88,0,1,5,0,1,63,128
Kyle Okposo,BUF,RW,38,5,15,20,3,40,72,2,0,5,0,0,31,16
Alexei Ponikarovsky,FA,LW,61,5,10,15,1,36,94,1,1,2,0,0,139,28
Zbynek Michalek,FA,D,73,5,14,19,0,30,104,2,1,3,0,0,56,149
Henrik Tallinder,FA,D,82,5,11,16,-6,40,102,2,0,2,1,0,67,74
Marco Sturm,FA,LW,35,5,11,16,6,23,57,1,1,2,0,1,23,6
Derek Morris,FA,D,77,5,11,16,-2,58,83,1,1,0,0,1,117,136
Alec Martinez,VGK,D,60,5,11,16,11,18,74,0,1,4,0,0,69,73
Cody McLeod,FA,LW,71,5,3,8,-7,189,73,0,2,0,0,0,147,20
David Perron,STL,RW,10,5,2,7,7,12,29,0,0,0,0,1,6,1
Benn Ferriero,FA,RW,33,5,4,9,8,9,56,1,1,0,0,0,46,8
Mike Grier,FA,RW,73,5,11,16,0,12,107,0,0,0,0,0,112,48
Francois Beauchemin,FA,D,81,5,12,17,-8,32,106,0,1,2,0,0,122,182
Blair Betts,PHI,C,75,5,7,12,-3,8,51,2,0,0,1,1,82,72
Steve Montador,FA,D,73,5,21,26,16,83,118,0,0,1,0,0,86,138
Kyle Wellwood,FA,C,35,5,8,13,10,0,50,0,0,1,0,0,8,7
Brandon Segal,FA,RW,46,5,5,10,0,41,40,1,0,0,0,0,90,8
Stephane Robidas,FA,D,81,5,25,30,-7,67,106,1,1,14,0,2,216,135
Steve Kampfer,BOS,D,38,5,5,10,9,12,57,1,0,3,0,0,41,56
Arron Asham,FA,RW,44,5,6,11,0,46,60,0,0,0,0,0,107,16
Roman Hamrlik,FA,D,79,5,29,34,6,81,129,0,2,13,0,0,66,192
Jim Slater,FA,C,36,5,7,12,4,19,53,1,0,0,0,0,59,16
Rob Niedermayer,FA,C,71,5,14,19,-8,22,80,1,0,0,0,0,37,21
Ed Jovanovski,FA,D,50,5,9,14,4,39,73,1,1,1,0,1,87,91
Brian Campbell,FA,D,65,5,22,27,28,6,84,1,2,4,0,0,28,101
Chris Clark,FA,RW,53,5,10,15,-3,38,83,0,2,0,0,1,89,9
Jason Garrison,FA,D,73,5,13,18,-2,26,116,3,0,3,0,0,136,127
Luke Schenn,TB,D,82,5,17,22,-7,34,128,0,0,0,0,1,251,168
Travis Hamonic,CGY,D,62,5,21,26,4,103,118,0,1,3,0,1,118,118
Tim Stapleton,FA,C,45,5,2,7,-10,12,44,1,1,0,0,0,18,19
Jerred Smithson,FA,C,82,5,8,13,-6,34,73,0,0,0,0,0,162,64
Willie Mitchell,FA,D,57,5,5,10,4,21,59,1,0,0,1,0,35,85
John Erskine,FA,D,73,4,7,11,1,94,58,1,0,0,0,0,166,120
Marek Svatos,FA,RW,28,4,4,8,0,10,50,0,0,0,0,0,12,10
Mike Modano,FA,C,40,4,11,15,-4,8,79,0,1,5,0,0,7,10
Tomas Kaberle,FA,D,82,4,43,47,4,18,130,1,0,25,0,0,37,139
Chris Campoli,FA,D,77,4,17,21,0,36,84,1,1,1,0,0,99,91
Mikkel Boedker,OTT,LW,34,4,10,14,11,8,39,0,0,2,0,0,42,6
Jesse Winchester,FA,LW,72,4,9,13,-9,42,118,0,0,0,0,0,101,27
David Schlemko,FA,D,43,4,10,14,8,24,47,0,0,5,0,0,56,57
Andrew MacDonald,FA,D,60,4,23,27,9,37,72,1,1,11,0,0,38,160
Grant Clitsome,FA,D,31,4,15,19,2,16,50,0,2,8,0,0,67,29
Matt Bradley,FA,RW,61,4,7,11,-3,68,58,0,0,0,0,0,161,15
Chris Pronger,FA,D,50,4,21,25,7,44,112,1,3,11,0,1,41,114
Pavel Kubina,FA,D,79,4,19,23,2,62,78,2,1,4,0,0,90,115
Mike Weber,FA,D,58,4,13,17,13,69,53,0,0,0,0,0,158,99
Marc-Edouard Vlasic,SJ,D,80,4,14,18,14,18,116,2,0,1,0,0,50,147
Ryan Suter,MIN,D,70,4,35,39,20,54,115,1,1,16,0,1,64,84
Derek Dorsett,FA,RW,76,4,13,17,-15,184,112,0,0,0,0,3,195,37
Carl Gunnarsson,STL,D,68,4,16,20,-2,14,69,1,1,3,0,0,63,120
Kyle Wilson,ANH,C,32,4,7,11,-3,12,38,0,0,0,0,0,21,8
Bryan Allen,FA,D,72,4,13,17,-1,82,58,1,0,0,0,0,118,103
Rostislav Klesla,FA,D,61,4,7,11,4,38,67,0,0,0,0,0,61,131
Milan Jurcina,FA,D,46,4,13,17,-4,30,76,0,1,4,1,1,125,93
Jay Bouwmeester,STL,D,82,4,20,24,-2,44,121,1,1,7,0,0,72,134
Eric Nystrom,FA,LW,82,4,8,12,-16,30,83,0,1,0,0,0,169,31
Patrick Kaleta,FA,RW,51,4,5,9,-4,78,65,0,0,0,1,0,126,33
Jean-Francois Jacques,TB,LW,51,4,1,5,-6,63,28,0,0,0,0,0,111,17
Craig Adams,FA,RW,80,4,11,15,-5,76,90,1,0,0,2,2,171,64
Cory Sarich,FA,D,76,4,13,17,11,75,75,1,0,0,0,0,175,109
Steve Reinprecht,FA,C,29,4,6,10,-2,6,31,1,1,0,0,0,20,14
Mattias Ritola,FA,LW,31,4,4,8,-5,11,42,2,0,0,0,0,24,7
Jack Hillen,FA,D,64,4,18,22,-5,45,81,1,0,1,0,1,54,137
Mark Fayne,FA,D,57,4,10,14,10,27,77,0,0,4,0,0,51,39
Zack Smith,CHI,C,55,4,5,9,-11,120,78,0,0,0,0,0,129,27
Dan Sexton,TB,RW,47,4,9,13,-6,4,78,0,1,0,0,0,29,20
Brian Rafalski,FA,D,63,4,44,48,11,22,106,0,0,17,0,0,49,54
Ian White,FA,D,78,4,22,26,3,26,138,0,1,5,0,0,59,144
Andrei Loktionov,FA,C,19,4,3,7,2,2,26,2,0,1,0,0,6,8
Ales Kotalik,FA,RW,26,4,2,6,-7,8,62,2,1,1,0,0,38,4
Scott Nichol,FA,C,56,4,3,7,-3,50,61,0,0,0,0,0,114,24
Daniel Carcillo,FA,LW,57,4,2,6,-14,127,56,2,0,0,0,0,80,14
Brad Staubitz,FA,RW,71,4,5,9,-5,173,29,1,0,0,0,0,133,18
Dan Girardi,FA,D,80,4,27,31,7,37,110,1,2,5,0,2,195,236
Nick Leddy,NYI,D,46,4,3,7,-3,4,37,0,0,1,0,0,26,46
Sami Lepisto,FA,D,70,4,12,16,10,55,56,0,0,0,0,0,72,90
Matt Halischuk,FA,RW,27,4,8,12,5,2,29,1,0,0,0,0,6,9
Zach Boychuk,FA,RW,23,4,3,7,-2,4,44,1,1,0,0,0,50,6
Jared Spurgeon,MIN,D,53,4,8,12,-1,2,38,1,2,4,0,0,37,45
Bill Thomas,FA,RW,24,4,3,7,1,6,33,2,0,0,0,0,19,10
Andy Greene,NYI,D,82,4,19,23,-23,22,91,1,1,5,0,0,49,157
Andrew Murray,FA,C,29,4,4,8,2,4,48,1,0,0,0,1,77,14
Clay Wilson,FA,D,15,3,2,5,4,6,22,0,0,1,0,0,16,11
Ron Hainsey,OTT,D,82,3,16,19,3,24,83,2,0,1,0,1,51,173
Teemu Hartikainen,FA,LW,12,3,2,5,-3,4,21,0,1,1,0,0,19,6
Jacob Josefson,FA,C,28,3,7,10,5,6,31,1,0,3,0,0,8,8
Matt Gilroy,FA,D,58,3,8,11,5,14,75,1,0,1,0,0,39,62
Matt Taormina,FA,D,17,3,2,5,-2,2,38,0,1,0,0,0,12,22
Theo Peckham,FA,D,71,3,10,13,-5,198,41,0,0,0,0,0,196,123
Guillaume Latendresse,FA,LW,11,3,3,6,2,8,18,1,1,1,0,0,18,2
Niclas Wallin,FA,D,74,3,5,8,0,46,86,0,0,0,0,0,99,84
Nick Schultz,FA,D,74,3,14,17,-4,38,46,0,0,1,0,1,78,132
Ryan Wilson,FA,D,67,3,13,16,-8,68,62,0,1,1,0,0,135,110
Victor Hedman,TB,D,79,3,23,26,3,70,101,0,0,3,0,0,54,85
Tanner Glass,FA,LW,73,3,7,10,-5,72,45,1,0,0,0,0,130,29
Jonathan Ericsson,DET,D,74,3,12,15,8,87,89,0,1,0,0,0,107,37
Niklas Hjalmarsson,ARI,D,80,3,7,10,13,39,64,0,0,0,0,0,46,166
Toni Lydman,FA,D,78,3,22,25,32,42,99,0,0,2,0,0,141,178
Steve Staios,FA,D,39,3,7,10,6,24,23,0,0,0,1,0,42,48
Sean Avery,FA,LW,76,3,21,24,-4,174,137,1,0,1,0,0,115,24
Johnny Boychuk,NYI,D,69,3,13,16,15,45,154,1,1,1,0,0,117,115
Ben Lovejoy,FA,D,47,3,14,17,11,48,60,0,0,1,0,1,44,60
Jamal Mayers,FA,RW,78,3,11,14,3,124,62,0,0,0,0,0,105,19
Zach Parise,MIN,LW,13,3,3,6,-1,6,49,1,0,1,0,0,13,6
Deryk Engelland,VGK,D,63,3,7,10,-5,123,49,0,0,0,0,0,122,54
Colin Fraser,FA,C,67,3,2,5,-2,60,57,0,0,0,1,0,79,54
Boyd Gordon,FA,C,60,3,6,9,-5,16,77,1,0,0,1,0,33,50
Jay Harrison,FA,D,72,3,7,10,5,72,49,0,0,0,0,0,111,100
Karlis Skrastins,FA,D,74,3,5,8,-1,38,30,1,0,0,0,1,55,139
Peter Regin,FA,C,55,3,14,17,-4,12,87,1,0,2,0,0,30,20
Zac Dalpe,CLS,C,15,3,1,4,0,0,16,1,0,0,0,0,10,5
Jordan Caron,FA,RW,23,3,4,7,3,6,27,1,0,0,0,0,19,11
Jonathon Blum,FA,D,23,3,5,8,8,8,18,1,1,0,0,0,20,36
Chris Porter,FA,LW,45,3,4,7,-4,16,55,1,0,0,0,0,91,5
Ryan Carter,FA,LW,62,3,6,9,-1,66,63,0,0,0,0,1,133,22
Andrej Sekera,DAL,D,76,3,26,29,11,34,88,0,0,6,0,0,61,85
Rod Pelley,FA,C,74,3,7,10,-9,27,88,0,1,0,0,0,113,36
Michael Sauer,FA,D,76,3,12,15,20,75,54,2,1,0,0,0,78,96
Adrian Aucoin,FA,D,75,3,19,22,18,52,99,0,0,2,0,0,134,75
Roman Polak,DAL,D,55,3,9,12,-4,33,54,1,0,0,0,0,110,78
Joey Crabb,FA,RW,48,3,12,15,-1,24,51,2,0,0,1,0,99,20
Alexandre Picard,FA,D,43,3,5,8,0,17,49,1,2,0,0,0,55,59
Brad Stuart,FA,D,67,3,17,20,4,40,81,1,1,1,0,1,131,114
Paul Martin,FA,D,77,3,21,24,9,16,104,1,2,8,0,1,45,129
Radek Martinek,FA,D,64,3,13,16,-5,35,97,0,1,0,0,0,69,128
Matt Beleskey,NYR,LW,35,3,7,10,-10,36,58,0,0,0,0,1,64,20
Nazem Kadri,COL,C,29,3,9,12,-3,8,51,0,0,2,0,0,16,6
Brett Sterling,STL,LW,7,3,2,5,1,16,14,0,1,1,0,0,7,0
Mike Brown,FA,RW,50,3,5,8,1,69,59,0,1,0,0,1,105,27
Adam Cracknell,FA,C,24,3,4,7,1,8,26,0,0,0,0,0,29,7
Trevor Lewis,LA,C,72,3,10,13,-11,6,105,2,0,0,0,0,102,25
Luke Adam,FA,LW,19,3,1,4,-6,12,31,1,0,1,0,0,17,5
George Parros,FA,RW,78,3,1,4,-4,171,33,1,0,0,0,0,97,26
Adam McQuaid,FA,D,67,3,12,15,30,96,46,0,0,0,0,0,102,131
Sami Salo,FA,D,27,3,4,7,-3,14,39,0,1,2,0,0,6,28
Andrew Ference,FA,D,70,3,12,15,22,60,78,0,0,1,0,1,74,82
Jarkko Ruutu,FA,LW,73,3,9,12,-2,97,66,1,0,0,0,1,131,29
Toby Petersen,FA,C,60,2,4,6,-7,8,58,0,0,0,2,0,56,36
Jason Williams,FA,RW,27,2,3,5,-2,6,18,1,0,1,0,0,14,5
Robyn Regehr,FA,D,79,2,15,17,2,58,72,0,1,1,0,1,180,142
Craig Rivet,FA,D,37,2,2,4,-12,35,33,0,0,0,0,0,31,36
Hal Gill,FA,D,75,2,7,9,-9,43,62,1,0,0,0,1,75,151
Trevor Gillies,CGY,LW,39,2,0,2,-3,165,9,0,0,0,0,0,44,6
Mark Fistric,FA,D,57,2,3,5,-10,44,26,1,0,0,0,1,173,78
Fredrik Sjostrom,FA,RW,66,2,3,5,-5,14,62,0,0,0,0,0,108,33
Jeff Woywitka,FA,D,63,2,9,11,5,24,72,0,1,1,0,0,44,97
Krys Barch,FA,RW,44,2,1,3,-7,80,16,0,0,0,0,0,53,2
Jeremy Morin,FA,LW,9,2,1,3,2,9,13,0,0,1,0,0,12,2
Ryan Stoa,FA,C,25,2,2,4,-4,20,45,1,0,2,0,0,30,6
Jon Matsumoto,FA,C,13,2,0,2,-4,4,11,0,0,0,0,0,13,4
Tom Sestito,FA,LW,9,2,2,4,-4,40,7,0,1,1,0,0,31,3
Ryan White,FA,RW,27,2,3,5,5,38,30,0,0,0,0,0,70,8
Michael Del Zotto,ANH,D,47,2,9,11,-5,20,58,0,2,5,0,0,92,72
Keith Aulie,FA,D,40,2,0,2,-1,32,32,0,0,0,0,0,98,74
Brett MacLean,FA,LW,13,2,1,3,0,2,16,2,1,0,0,0,8,0
Kent Huskins,PHI,D,50,2,8,10,8,12,38,0,0,0,0,0,18,58
Brent Sopel,FA,D,71,2,5,7,6,16,44,0,0,1,0,0,36,152
Mike Commodore,FA,D,20,2,4,6,-8,44,32,2,0,2,0,1,38,25
Colton Orr,FA,RW,46,2,0,2,-1,128,14,1,0,0,0,0,46,9
Matt Greene,FA,D,71,2,9,11,3,70,50,1,0,0,0,0,243,105
Braydon Coburn,TB,D,82,2,14,16,15,53,114,0,0,0,0,1,177,133
Shane O'Brien,FA,D,80,2,7,9,1,83,50,0,0,0,0,0,164,80
Tom Poti,FA,D,21,2,5,7,-4,8,20,0,0,1,0,0,7,27
Craig Conroy,FA,C,18,2,0,2,-1,8,11,1,0,0,0,0,21,10
Jody Shelley,FA,LW,58,2,2,4,0,127,31,0,0,0,0,0,96,15
Ryan Reaves,VGK,RW,28,2,2,4,-1,78,16,1,0,0,0,0,86,9
Mark Olver,FA,C,18,2,7,9,-2,18,25,0,0,0,0,0,27,8
Michal Repik,FA,RW,31,2,6,8,-6,22,54,0,0,1,0,0,47,8
Luca Sbisa,WPG,D,68,2,9,11,-11,43,76,0,1,0,0,2,170,85
Keaton Ellerby,FA,D,54,2,10,12,-15,22,56,0,0,1,0,0,74,68
Alexandre Bolduc,FA,C,24,2,2,4,1,21,21,1,0,0,0,0,29,14
Andrew Ebbett,FA,C,33,2,3,5,-1,4,23,1,0,0,1,0,13,12
Johnny Oduya,FA,D,82,2,15,17,-15,22,90,0,0,4,0,0,64,149
Derek Joslin,FA,D,34,2,7,9,5,10,34,1,1,0,0,0,40,28
Vladimir Zharkov,FA,RW,38,2,2,4,3,2,40,0,0,0,0,0,14,10
Ruslan Salei,FA,D,75,2,8,10,0,48,75,0,0,0,0,0,117,109
Marc Savard,FA,C,25,2,8,10,-7,29,50,1,0,4,0,0,5,4
Mark Stuart,FA,D,54,2,4,6,0,47,41,1,0,0,0,0,107,96
Marc-Andre Bergeron,FA,D,23,2,6,8,-10,8,37,1,0,3,0,0,6,18
Jakub Kindl,FA,D,48,2,2,4,-6,36,62,0,0,0,0,0,44,36
Jim Vandermeer,FA,D,62,2,12,14,-15,74,57,0,0,2,0,1,122,78
Tim Gleason,FA,D,82,2,14,16,-11,85,84,0,0,1,0,1,215,141
Jeremy Colliton,FA,RW,15,2,1,3,-7,10,7,0,2,0,0,0,23,9
Micheal Haley,NYR,LW,27,2,1,3,-4,85,13,0,0,0,0,0,55,3
Robert Scuderi,FA,D,82,2,13,15,1,16,46,1,0,0,0,0,64,122
Patrick O'Sullivan,ARI,RW,31,2,6,8,-2,4,50,0,0,3,0,0,15,4
Brian Sutherby,FA,C,51,2,2,4,-10,58,32,0,0,0,0,0,70,9
Ryan Whitney,FA,D,35,2,25,27,13,33,43,0,0,7,0,2,29,67
Keith Ballard,FA,D,65,2,5,7,10,53,53,0,0,0,0,0,99,111
Doug Weight,FA,C,18,2,7,9,-3,10,26,0,1,4,0,0,9,4
John Mitchell,FA,C,23,2,1,3,-7,12,28,1,1,0,0,0,31,17
Zenon Konopka,FA,C,82,2,7,9,-14,307,56,0,0,0,0,0,110,52
Kevin Klein,FA,D,81,2,16,18,9,24,99,0,0,0,0,1,128,173
Clayton Stoner,FA,D,57,2,7,9,5,96,40,1,0,0,0,0,110,81
Karl Alzner,MON,D,82,2,10,12,14,24,64,0,0,0,0,0,98,132
Jay Beagle,VAN,C,31,2,1,3,-2,8,27,2,0,0,0,0,45,8
Justin Braun,PHI,D,28,2,9,11,-1,2,44,0,2,0,0,0,27,21
Jason Demers,ARI,D,75,2,22,24,19,28,105,0,0,6,0,0,87,72
John McCarthy,FA,LW,37,2,2,4,-8,8,41,0,0,0,0,0,28,9
Chris Butler,FA,D,49,2,7,9,8,26,52,0,0,1,0,0,38,56
Tom Pyatt,FA,C,61,2,5,7,-1,9,65,0,0,0,0,2,39,34
Mike Weaver,FA,D,82,2,11,13,1,34,53,1,0,1,0,0,98,132
Steve Eminger,FA,D,65,2,4,6,-5,22,23,1,0,1,0,0,143,103
Filip Kuba,FA,D,64,2,14,16,-26,16,76,1,0,7,0,1,23,104
Scott Hannan,FA,D,78,1,10,11,4,34,56,0,0,0,0,1,84,122
Andreas Lilja,PHI,D,52,1,6,7,-15,28,31,0,0,0,0,0,92,113
Alexandre Giroux,FA,LW,8,1,1,2,-2,2,13,0,0,0,0,0,16,3
Andrew Alberts,FA,D,42,1,6,7,0,41,21,0,0,0,0,0,113,49
Liam Reddox,FA,LW,44,1,9,10,-8,20,85,0,0,0,0,1,76,24
Jordan Hendry,ANH,D,37,1,0,1,-2,4,35,0,0,0,0,0,47,29
Cam Janssen,FA,RW,54,1,3,4,-6,131,16,0,0,0,0,0,95,7
Matt Carle,FA,D,82,1,39,40,30,23,117,0,0,2,0,0,51,157
Mike Moore,FA,D,6,1,0,1,-1,7,5,0,0,0,0,0,4,2
Eric Tangradi,FA,LW,15,1,2,3,-4,10,18,0,0,0,0,0,25,5
Nick Johnson,FA,RW,4,1,2,3,1,5,10,0,0,0,0,0,4,2
Ryan McDonagh,TB,D,40,1,8,9,16,14,27,1,0,0,0,2,56,69
Blair Jones,FA,C,18,1,2,3,-2,2,20,0,0,0,0,0,12,6
Oliver Ekman-Larsson,ARI,D,48,1,10,11,3,24,50,0,0,2,0,0,41,31
Cam Barker,FA,D,52,1,4,5,-10,34,44,1,0,2,0,0,68,61
Josh Gorges,FA,D,36,1,6,7,-3,18,20,1,1,0,0,0,55,79
Jeff Schultz,FA,D,72,1,9,10,6,12,34,1,0,0,0,2,53,138
Warren Peters,FA,C,11,1,0,1,-2,4,11,0,0,0,0,0,24,7
Ryan O'Marra,FA,C,21,1,4,5,-2,13,13,0,0,1,0,0,41,9
Ethan Moreau,FA,LW,37,1,5,6,-9,24,56,1,0,1,0,0,73,23
Peter Schaefer,FA,LW,16,1,1,2,-3,2,10,0,0,0,0,0,18,7
Andrei Markov,FA,D,7,1,2,3,2,4,20,1,0,1,0,0,2,5
Shaone Morrisonn,FA,D,62,1,4,5,-2,32,44,1,0,0,0,0,110,86
Derek Boogaard,FA,LW,22,1,1,2,0,45,4,0,0,0,0,0,27,3
Ty Wishart,FA,D,20,1,4,5,5,10,23,0,1,0,0,1,26,29
Sean Collins,NYR,D,4,1,0,1,2,0,4,1,0,0,0,0,2,4
Andrew Gordon,FA,RW,9,1,1,2,-2,0,5,0,0,0,0,0,5,4
Danny Syvret,FA,D,10,1,1,2,-3,6,11,0,0,1,0,0,4,7
David Van der Gulik,FA,RW,6,1,2,3,4,2,12,0,0,0,0,0,10,3
David Hale,FA,D,25,1,4,5,7,6,20,1,0,0,0,0,29,22
Aaron Rome,FA,D,56,1,4,5,1,53,50,0,0,2,0,0,78,59
Adam Mair,FA,C,65,1,3,4,-16,45,58,0,0,0,0,0,63,16
Colton Gillies,FA,LW,7,1,0,1,-2,2,3,0,0,0,0,0,16,2
Ian Cole,COL,D,26,1,3,4,6,35,22,0,0,0,0,0,36,37
Scott Parse,NJ,RW,5,1,3,4,5,0,6,0,0,0,0,0,2,4
Mike Lundin,FA,D,69,1,11,12,-3,12,55,0,0,0,0,0,25,108
Paul Byron,MON,C,8,1,1,2,0,2,5,0,0,0,0,0,18,2
Aaron Volpatti,FA,LW,15,1,1,2,-1,16,6,0,0,0,0,0,36,3
Taylor Chorney,FA,D,12,1,3,4,-5,4,13,1,1,2,0,0,13,17
Ben Smith,FA,RW,6,1,0,1,1,0,6,0,0,0,0,0,7,5
Brad Mills,FA,C,4,1,0,1,1,5,6,0,0,0,0,0,7,2
Alexander Sulzer,FA,D,40,1,4,5,-8,14,37,0,0,2,0,0,38,52
Anton Stralman,FLA,D,51,1,17,18,-11,22,80,1,1,9,0,0,39,46
Sergei Shirokov,FA,LW,2,1,0,1,1,0,6,0,0,0,0,0,1,0
Nicklas Grossmann,FA,D,59,1,9,10,7,35,38,0,0,0,0,0,161,78
Jay Rosehill,FA,LW,26,1,2,3,-6,71,12,0,0,0,0,0,36,4
Matt Niskanen,PHI,D,63,1,9,10,-3,50,77,0,0,5,0,0,122,66
Adam Pardy,FA,D,30,1,6,7,3,24,36,0,0,1,0,0,42,44
Peter Harrold,FA,D,19,1,3,4,3,4,12,0,0,0,0,0,5,6
David Liffiton,FA,D,4,1,0,1,3,17,2,0,0,0,0,0,3,3
Todd White,FA,C,18,1,1,2,-2,2,11,0,0,0,0,1,1,4
Francis Bouillon,FA,D,44,1,9,10,-3,27,47,0,0,2,0,0,133,51
Brooks Orpik,FA,D,63,1,12,13,12,66,56,0,0,0,0,3,194,94
Mark Mancari,FA,RW,20,1,7,8,-1,12,43,0,1,1,0,0,16,8
Dustin Boyd,FA,C,10,1,0,1,-6,2,8,0,0,0,0,0,12,6
Troy Bodie,FA,RW,59,1,3,4,-7,61,44,0,0,0,0,0,86,13
Freddy Meyer,FA,D,15,1,1,2,-7,8,11,0,0,0,0,0,29,33
Douglas Murray,FA,D,73,1,13,14,5,44,102,0,0,1,0,0,203,140
Ryan Johnson,FA,C,34,1,5,6,-2,8,25,1,0,0,0,0,31,34
Todd Marchant,FA,C,79,1,7,8,-18,26,63,0,0,1,0,1,114,62
Jon Sim,FA,LW,34,1,3,4,-10,22,38,0,0,1,0,0,53,12
Trent Hunter,FA,RW,17,1,3,4,-3,23,30,0,0,0,0,0,36,5
Jaroslav Spacek,FA,D,59,1,15,16,9,45,65,0,0,3,0,1,61,90
Mike Comrie,FA,C,21,1,5,6,-4,18,25,0,0,2,0,0,10,5
Yannick Weber,NSH,D,41,1,10,11,0,14,63,0,0,5,0,0,44,33
Joe Vitale,FA,C,9,1,1,2,-1,13,13,0,0,1,0,0,18,2
Cameron Gaunce,TB,D,11,1,0,1,-3,16,4,0,0,0,0,0,10,7
Scott Timmins,FA,C,19,1,0,1,-8,8,13,0,0,0,0,0,18,11
Jamie McGinn,FA,LW,49,1,5,6,-6,33,63,0,0,0,0,0,101,17
Marc-Andre Gragnani,FA,D,9,1,2,3,0,2,11,1,0,2,0,0,6,6
Kyle Cumiskey,FA,D,18,1,7,8,-3,10,21,0,0,1,0,0,9,27
Lee Sweatt,FA,D,3,1,1,2,4,2,4,1,0,0,0,0,4,6
Cody Hodgson,FA,LW,8,1,1,2,1,0,9,0,0,0,0,0,4,2
Matt Hunwick,BUF,D,73,1,12,13,-15,25,100,0,0,3,0,0,65,71
Alexander Urbom,FA,D,8,1,0,1,-2,0,5,1,0,0,0,0,5,6
Patrice Cormier,FA,C,21,1,1,2,-5,4,27,0,0,0,0,0,31,15
Kyle Palmieri,NJ,RW,10,1,0,1,-1,0,10,0,0,0,0,0,5,1
Nino Niederreiter,CAR,RW,9,1,1,2,-1,8,12,0,0,0,0,0,16,1
T.J. Hensick,DET,C,13,1,2,3,-5,2,12,0,0,1,0,0,1,1
Randy Jones,FA,D,61,1,12,13,-4,15,52,0,0,0,0,0,42,104
Darcy Hordichuk,FA,LW,64,1,4,5,-1,76,32,0,0,0,0,0,116,4
Sean O'Donnell,FA,D,81,1,17,18,8,87,34,0,0,0,0,1,53,76
Chris Phillips,OTT,D,82,1,8,9,-35,32,81,0,0,1,0,0,116,152
Brett Lebda,FA,D,41,1,3,4,-14,14,34,0,0,1,0,0,33,31
Jan Mursak,DET,RW,19,1,0,1,-3,4,20,0,0,0,0,0,14,3
Ben Maxwell,FA,C,12,1,1,2,-7,9,13,0,0,0,0,0,1,2
Mario Bliznak,VAN,C,4,1,0,1,1,0,1,0,0,0,0,0,2,1
Nick Boynton,FA,D,51,1,7,8,-1,40,43,0,0,0,0,0,61,87
David Koci,FA,LW,35,1,0,1,-5,80,9,0,0,0,0,0,28,5
Matt Carkner,FA,D,50,1,6,7,0,136,40,0,0,0,0,1,71,59
Chris Drury,FA,C,24,1,4,5,2,8,26,0,0,0,0,0,19,12
Paul Mara,MIN,D,53,1,5,6,1,88,50,1,0,0,0,0,88,85
Maksim Mayorov,FA,LW,5,1,0,1,0,0,3,0,0,0,0,0,4,0
Andrew Desjardins,FA,C,17,1,2,3,-1,4,12,0,0,0,0,0,34,5
Tomas Tatar,MON,LW,9,1,0,1,0,0,6,0,0,0,0,0,7,0
Casey Wellman,FA,C,15,1,1,2,-1,4,20,1,0,0,0,0,5,3
Johan Harju,FA,LW,10,1,2,3,-2,2,14,0,0,0,0,0,9,2
Oscar Moller,FA,C,13,1,3,4,-1,2,27,0,0,0,0,0,10,5
Alexander Vasyunov,FA,LW,18,1,4,5,0,0,18,0,0,0,0,0,6,2
Anssi Salmela,FA,D,48,1,6,7,-11,14,57,1,0,0,0,0,48,36
Cory Emmerton,FA,C,2,1,0,1,1,0,3,0,0,0,0,0,0,0
Carson McMillan,TOR,RW,4,1,1,2,1,0,5,0,0,0,0,0,6,1
Tomas Vincour,FA,C,24,1,1,2,-5,4,26,0,0,0,0,0,36,11
Jeff Petry,MON,D,35,1,4,5,-12,10,41,0,0,3,0,0,48,49
Nikita Nikitin,FA,D,41,1,8,9,1,10,46,0,0,4,0,0,40,52
Philip McRae,FA,C,15,1,2,3,-10,2,13,0,0,0,0,0,8,5
Mike Komisarek,FA,D,75,1,9,10,-8,86,48,0,0,0,0,0,146,117
Tyler Sloan,DAL,D,33,1,5,6,-6,14,12,0,0,0,0,0,30,32
Paul Bissonnette,FA,LW,48,1,0,1,6,71,18,0,0,0,0,0,122,5
Nathan Oystrick,ARI,D,9,1,2,3,1,9,11,0,1,0,0,0,6,5
Brendan Mikkelson,FA,D,24,0,2,2,-6,9,14,0,0,0,0,0,21,18
Drew Bagnall,FA,D,2,0,0,0,-2,4,1,0,0,0,0,0,0,1
Raitis Ivanans,CGY,LW,1,0,0,0,-1,5,0,0,0,0,0,0,1,0
Matt Ellis,FA,C,14,0,0,0,-4,0,20,0,0,0,0,0,8,7
Andrew Hutchinson,FA,D,5,0,1,1,-3,6,2,0,0,0,0,0,0,8
Shawn Belle,FA,D,9,0,0,0,-1,2,8,0,0,0,0,0,9,4
Stefan Meyer,FA,LW,16,0,2,2,0,17,12,0,0,0,0,0,24,10
Hugh Jessiman,FA,RW,2,0,0,0,-1,5,2,0,0,0,0,0,4,0
Steve Begin,FA,LW,2,0,0,0,-2,4,2,0,0,0,0,0,5,0
Colin White,FA,D,69,0,6,6,-2,48,50,0,0,0,0,1,109,100
Mike Mottau,FA,D,20,0,3,3,-12,8,21,0,0,1,0,0,17,33
Marcus Kruger,FA,C,7,0,0,0,-4,4,7,0,0,0,0,0,4,2
Linus Klasen,FA,LW,4,0,0,0,-3,0,4,0,0,0,0,0,1,1
Jamie Arniel,FA,C,1,0,0,0,-1,0,3,0,0,0,0,0,0,0
Stefan Della Rovere,FA,LW,7,0,0,0,0,11,4,0,0,0,0,0,10,2
Raymond Macias,FA,D,2,0,0,0,-1,2,0,0,0,0,0,0,1,1
Teemu Laakso,FA,D,1,0,0,0,0,0,0,0,0,0,0,0,1,0
Jim O'Brien,FA,C,6,0,0,0,-3,2,11,0,0,0,0,0,5,0
Andreas Thuresson,NYR,RW,3,0,0,0,-1,2,2,0,0,0,0,0,8,0
Brandon Mashinter,FA,LW,13,0,0,0,-2,17,5,0,0,0,0,0,16,1
Luca Caputi,FA,LW,7,0,0,0,-2,4,8,0,0,0,0,0,7,0
Chris Mueller,ANH,C,15,0,3,3,0,2,7,0,0,0,0,0,19,0
Dylan Reese,FA,D,27,0,6,6,-12,15,23,0,0,0,0,0,17,22
Tyler Eckford,FA,D,4,0,0,0,-1,0,1,0,0,0,0,0,3,2
Spencer Machacek,FA,RW,10,0,0,0,-2,0,7,0,0,0,0,0,22,2
Arturs Kulda,FA,D,2,0,0,0,-2,2,3,0,0,0,0,0,4,1
Joe Colborne,FA,C,1,0,1,1,1,0,1,0,0,0,0,0,0,1
Drayson Bowman,FA,LW,23,0,1,1,0,12,28,0,0,0,0,0,24,9
Korbinian Holzer,NSH,D,2,0,0,0,-1,2,1,0,0,0,0,0,1,3
Carl Klingberg,NYR,LW,1,0,0,0,0,0,0,0,0,0,0,0,1,0
T.J. Brodie,CGY,D,3,0,0,0,-3,2,1,0,0,0,0,0,2,4
Adam Henrique,ANH,C,1,0,0,0,1,0,3,0,0,0,0,0,0,2
Stephane Da Costa,FA,C,4,0,0,0,-1,0,9,0,0,0,0,0,3,0
Jassen Cullimore,FA,D,36,0,8,8,4,8,22,0,0,0,0,0,38,34
Jason Strudwick,FA,D,43,0,2,2,-16,23,9,0,0,0,0,0,43,63
Wade Belak,FA,RW,15,0,0,0,-1,18,4,0,0,0,0,0,20,2
Ryan Hollweg,ARI,LW,3,0,0,0,-1,0,0,0,0,0,0,0,8,0
Eric Godard,FA,RW,19,0,3,3,4,105,1,0,0,0,0,0,19,2
Alex Plante,FA,D,3,0,0,0,-2,11,5,0,0,0,0,0,4,3
Matt Kassian,FA,LW,4,0,0,0,-1,12,1,0,0,0,0,0,6,3
Brodie Dupont,FA,LW,1,0,0,0,0,0,1,0,0,0,0,0,2,0
Kevin Westgarth,FA,RW,56,0,3,3,-6,105,20,0,0,0,0,0,59,5
Bruno Gervais,FA,D,53,0,6,6,-14,30,43,0,0,0,0,0,40,79
Kyle Quincey,FA,D,21,0,1,1,-5,18,39,0,0,0,0,0,28,26
Andre Benoit,FA,D,8,0,1,1,-1,6,17,0,0,1,0,0,5,12
Brad Lukowich,FA,D,5,0,0,0,2,0,3,0,0,0,0,0,5,6
Brian Willsie,FA,RW,1,0,1,1,0,0,0,0,0,0,0,0,0,2
Barret Jackman,FA,D,60,0,13,13,3,57,65,0,0,0,0,3,78,114
Jay Leach,NJ,D,7,0,0,0,0,7,2,0,0,0,0,0,5,6
Greg Zanon,FA,D,82,0,7,7,-5,48,55,0,0,1,0,1,169,212
Jeremy Williams,NYR,RW,1,0,0,0,0,0,0,0,0,0,0,0,0,1
Garrett Stafford,FA,D,2,0,0,0,0,0,2,0,0,0,0,0,4,0
Robbie Earl,FA,LW,6,0,0,0,-3,0,6,0,0,0,0,0,8,0
Matt Lashoff,MON,D,11,0,1,1,1,6,8,0,0,1,0,0,10,14
Kyle Chipchura,FA,C,40,0,2,2,1,32,23,0,0,0,0,0,30,10
Derek Smith,ARI,D,9,0,1,1,3,0,13,0,0,0,0,0,5,11
Tim Wallace,FA,RW,7,0,0,0,-3,5,1,0,0,0,0,0,21,2
Aaron Gagnon,FA,C,19,0,2,2,-3,0,9,0,0,0,0,0,12,5
Cody Bass,FA,C,1,0,0,0,0,0,0,0,0,0,0,0,3,1
Andrey Zubarev,FA,D,4,0,1,1,-4,4,2,0,0,0,0,0,15,8
Andreas Engqvist,FA,C,3,0,0,0,0,0,1,0,0,0,0,0,2,3
Eric Wellwood,FA,LW,3,0,1,1,1,2,8,0,0,0,0,0,4,1
Colby Cohen,FA,D,3,0,0,0,-1,4,2,0,0,0,0,0,4,3
Tyson Strachan,FA,D,29,0,1,1,-10,39,28,0,0,0,0,0,23,30
Yann Sauve,FA,D,5,0,0,0,-2,0,6,0,0,0,0,0,9,4
Colton Sceviour,FLA,RW,1,0,0,0,-1,0,0,0,0,0,0,0,0,0
Cody Almond,FA,C,8,0,0,0,0,2,3,0,0,0,0,0,11,3
Roman Wick,FA,RW,7,0,0,0,-4,0,4,0,0,0,0,0,2,3
Marcel Mueller,FA,LW,3,0,0,0,0,2,5,0,0,0,0,0,7,0
Shane Sims,FA,D,1,0,0,0,0,0,0,0,0,0,0,0,1,0
John Scott,FA,LW,40,0,1,1,0,72,15,0,0,0,0,0,60,10
Rob Klinkhammer,FA,LW,1,0,0,0,1,0,1,0,0,0,0,0,3,1
Jerome Samson,TB,RW,23,0,2,2,0,0,28,0,0,0,0,0,13,3
Chad Kolarik,FA,C,4,0,1,1,-1,2,4,0,0,0,0,0,3,2
James Wright,FA,C,1,0,0,0,-2,0,0,0,0,0,0,0,1,0
Jake Muzzin,TOR,D,11,0,1,1,-2,0,8,0,0,0,0,0,22,2
Ben Holmstrom,FA,C,2,0,0,0,-1,5,0,0,0,0,0,0,8,0
Erik Gustafsson,FA,D,3,0,0,0,-1,4,2,0,0,0,0,0,0,1
Brayden Schenn,STL,C,8,0,2,2,-1,0,11,0,0,0,0,0,12,1
Marco Scandella,STL,D,20,0,2,2,-9,2,13,0,0,0,0,0,20,22
Justin DiBenedetto,FA,LW,8,0,1,1,-2,2,6,0,0,0,0,0,13,3
Justin Falk,FA,D,22,0,3,3,-4,6,7,0,0,0,0,0,22,17
Christian Hanson,FA,C,6,0,0,0,0,4,2,0,0,0,0,0,11,0
Joe Callahan,CGY,D,27,0,1,1,-1,12,21,0,0,0,0,0,46,36
Patrick Rissmiller,FA,LW,10,0,1,1,-1,0,14,0,0,0,0,0,17,2
Jeff Taffe,FA,C,1,0,0,0,0,0,0,0,0,0,0,0,0,0
Mark Eaton,FA,D,34,0,3,3,-2,8,29,0,0,0,0,0,30,82
Andy Sutton,FA,D,39,0,4,4,1,87,31,0,0,1,0,2,62,87
Jonas Andersson,FA,LW,4,0,0,0,1,0,1,0,0,0,0,0,3,1
Marc-Antoine Pouliot,ARI,C,3,0,0,0,-2,0,2,0,0,0,0,0,2,0
Joel Perrault,ANH,C,7,0,0,0,-1,0,3,0,0,0,0,0,11,2
Francis Wathier,FA,LW,3,0,0,0,-2,0,0,0,0,0,0,0,3,0
Aaron Voros,FA,RW,12,0,0,0,-4,43,8,0,0,0,0,0,12,1
Ryan Potulny,FA,C,10,0,0,0,-1,0,7,0,0,0,0,0,5,1
Michael Blunden,FA,RW,1,0,0,0,-1,0,2,0,0,0,0,0,6,0
Brett Carson,FA,D,19,0,0,0,9,4,12,0,0,0,0,0,19,11
Mark Fraser,FA,D,26,0,2,2,2,29,16,0,0,0,0,0,58,19
John Zeiler,FA,RW,4,0,0,0,-1,0,1,0,0,0,0,0,4,0
Jed Ortmeyer,FA,RW,4,0,0,0,-1,2,5,0,0,0,0,0,4,0
Doug Janik,FA,D,7,0,0,0,-2,7,8,0,0,0,0,0,2,7
Mike Duco,FA,LW,2,0,0,0,-1,10,0,0,0,0,0,0,6,0
Matthew Corrente,FA,D,22,0,6,6,-5,44,21,0,0,0,0,0,30,15
Brian Lee,FA,D,50,0,3,3,-10,24,35,0,0,0,0,0,88,77
Nigel Dawes,FA,LW,13,0,1,1,-6,0,12,0,0,0,0,0,19,3
John Moore,BOS,D,2,0,0,0,0,0,0,0,0,0,0,0,1,2
Brandon Pirri,VGK,C,1,0,0,0,-1,0,1,0,0,0,0,0,0,1
Brendon Nash,NYR,D,2,0,0,0,-1,0,2,0,0,0,0,0,1,6
Matt Bartkowski,MIN,D,6,0,0,0,-1,4,2,0,0,0,0,0,4,2
Evan Oberg,ARI,D,2,0,0,0,0,0,1,0,0,0,0,0,2,1
Mark Katic,FA,D,11,0,1,1,-9,4,8,0,0,0,0,0,8,21
Greg Nemisz,FA,C,6,0,1,1,-1,0,5,0,0,0,0,0,1,2
Dwight King,FA,LW,6,0,0,0,-2,2,3,0,0,0,0,0,7,1
Stephen Gionta,FA,C,12,0,0,0,-3,6,13,0,0,0,0,0,16,5
Tommy Wingels,FA,RW,5,0,0,0,-1,0,1,0,0,0,0,0,6,1
Rhett Rakhshani,FA,RW,2,0,0,0,-1,0,2,0,0,0,0,0,0,0
Jamie Doornbosch,FA,D,1,0,0,0,-1,0,1,0,0,0,0,0,1,0
Dale Weise,MON,RW,10,0,0,0,-1,19,9,0,0,0,0,0,20,3
Aaron Palushaj,FA,RW,3,0,0,0,1,2,3,0,0,0,0,0,3,1
Chris VandeVelde,FA,C,12,0,2,2,-6,12,16,0,0,0,0,0,19,12
Brian Strait,NJ,D,3,0,0,0,-1,0,0,0,0,0,0,0,2,2
Olivier Magnan-Grenier,NJ,D,18,0,0,0,-4,4,8,0,0,0,0,0,29,15
Travis Morin,FA,C,3,0,0,0,0,0,2,0,0,0,0,0,1,2
Brian Fahey,FA,D,7,0,1,1,-1,2,4,0,0,0,0,0,9,6
Corey Potter,FA,D,1,0,0,0,0,0,1,0,0,0,0,0,1,2
Raymond Sawada,FA,RW,1,0,0,0,-1,0,1,0,0,0,0,0,2,0
Mattias Ohlund,FA,D,72,0,5,5,-7,70,39,0,0,1,0,0,135,136
Adam Foote,FA,D,47,0,8,8,-9,33,23,0,0,0,0,0,55,67
Shane Hnidy,FA,D,3,0,0,0,-2,2,3,0,0,0,0,0,2,1
Matthew Lombardi,FA,C,2,0,0,0,-1,0,6,0,0,0,0,0,0,0
Anton Volchenkov,FA,D,57,0,8,8,3,36,65,0,0,0,0,0,125,106
Zack Stortini,FA,RW,32,0,4,4,-2,76,16,0,0,0,0,0,46,8
Corey Locke,CGY,C,5,0,1,1,-1,0,6,0,0,0,0,0,1,0
Guillame Desbiens,FA,RW,12,0,0,0,-3,10,4,0,0,0,0,0,22,4
Petr Prucha,FA,RW,11,0,1,1,0,4,10,0,0,0,0,0,13,3
Brett Sutter,LA,LW,5,0,1,1,-1,5,3,0,0,0,0,1,3,1
Nicholas Drazenovic,FA,C,3,0,0,0,-3,0,2,0,0,0,0,0,7,1
Sheldon Brookbank,FA,D,40,0,0,0,-8,63,29,0,0,0,0,0,54,37
Ladislav Smid,FA,D,78,0,10,10,-10,85,48,0,0,1,0,0,145,118
Nate Guenin,FA,D,3,0,0,0,-3,2,2,0,0,0,0,0,11,7
Matt Smaby,FA,D,32,0,0,0,2,17,9,0,0,0,0,0,45,18
Mike Zigomanis,BUF,C,8,0,1,1,0,4,7,0,0,0,0,0,6,3
Francis Lessard,FA,RW,24,0,0,0,0,78,6,0,0,0,0,0,36,2
Daymond Langkow,FA,C,4,0,1,1,3,0,6,0,0,0,0,0,4,0
Josh Green,FA,LW,12,0,0,0,-3,6,10,0,0,0,0,0,11,1
Mark Parrish,FA,RW,2,0,0,0,-2,0,0,0,0,0,0,0,2,2
Kenndal McArdle,FA,LW,11,0,0,0,-3,16,6,0,0,0,0,0,36,3
Tim Kennedy,FA,LW,6,0,1,1,0,0,2,0,0,0,0,0,16,6
Marc Methot,FA,D,74,0,15,15,2,58,58,0,0,0,0,1,176,98
Ryan Craig,FA,C,6,0,0,0,-3,22,7,0,0,0,0,0,6,1
Evgeny Grachev,FA,LW,8,0,0,0,-3,0,3,0,0,0,0,0,8,0
Paul Postma,FA,D,1,0,0,0,0,0,1,0,0,0,0,0,1,2
Nate Prosser,PHI,D,2,0,0,0,0,0,1,0,0,0,0,0,0,2
Patrick Wiercioch,FA,D,8,0,2,2,0,4,3,0,0,1,0,0,4,2
Jonas Holos,FA,D,39,0,6,6,-3,10,36,0,0,1,0,1,19,32
Lance Bouma,LA,C,16,0,1,1,-1,2,9,0,0,0,0,0,15,6
Matt Campanale,FA,D,1,0,0,0,0,2,0,0,0,0,0,0,0,0
Michael Vernace,NYR,D,10,0,1,1,-2,2,6,0,0,0,0,0,8,3
Rick Rypien,FA,RW,9,0,1,1,-5,31,6,0,0,0,0,0,13,3
Ryan O'Byrne,FA,D,67,0,10,10,-7,75,45,0,0,0,0,0,179,131
Tim Sestito,FA,C,36,0,2,2,-5,9,22,0,0,0,0,0,79,14
Pierre Luc Letourneau-Leblond,FA,LW,2,0,0,0,-2,21,0,0,0,0,0,0,3,0
Chris Summers,FA,D,2,0,0,0,-3,4,0,0,0,0,0,0,4,2
Evan Brophey,ARI,C,1,0,0,0,0,0,1,0,0,0,0,0,3,1
Maxim Noreau,FA,D,5,0,0,0,-1,0,8,0,0,0,0,0,2,4
Nikita Filatov,FA,LW,23,0,7,7,3,8,31,0,0,3,0,0,10,4
Nick Holden,VGK,D,5,0,0,0,0,0,6,0,0,0,0,0,4,9
Davis Drewiske,FA,D,38,0,5,5,-1,19,27,0,0,0,0,0,23,61
Zach Hamill,VAN,C,3,0,1,1,1,0,1,0,0,0,0,0,0,3
Oskars Bartulis,FA,D,13,0,0,0,-4,4,7,0,0,0,0,0,8,13
Victor Oreskovich,FA,RW,16,0,3,3,1,8,19,0,0,0,0,0,28,7
Bryan Rodney,FA,D,3,0,0,0,0,2,3,0,0,0,0,0,0,4
Philip Larsen,FA,D,6,0,2,2,1,0,11,0,0,0,0,0,1,3
Tomas Kubalik,FA,RW,4,0,2,2,-3,0,5,0,0,0,0,0,14,0
Chris Tanev,VAN,D,29,0,1,1,0,0,15,0,0,1,0,0,10,32
Nick Bonino,NSH,C,26,0,0,0,-3,4,23,0,0,0,0,0,18,10
Matt Frattin,FA,RW,1,0,0,0,-1,0,5,0,0,0,0,0,1,0
Steven MacIntyre,ANH,LW,34,0,1,1,-1,93,6,0,0,0,0,0,23,4
D.J. King,FA,LW,16,0,2,2,-3,30,6,0,0,0,0,0,20,0
Colin Stuart,FA,LW,3,0,0,0,1,2,5,0,0,0,0,0,3,4
Frazer McLaren,FA,LW,9,0,0,0,-1,22,1,0,0,0,0,0,6,0
Ryan Parent,FA,D,4,0,0,0,-3,0,3,0,0,0,0,0,4,7
Brett Festerling,FA,D,1,0,0,0,-2,0,0,0,0,0,0,0,2,4
Keith Aucoin,FA,C,1,0,0,0,0,0,0,0,0,0,0,0,1,0
Richard Petiot,TB,D,2,0,0,0,1,2,1,0,0,0,0,0,3,4
Mathieu Roy,TB,D,4,0,0,0,-2,2,1,0,0,0,0,0,4,1
Noah Welch,WPG,D,2,0,0,0,-1,0,1,0,0,0,0,0,10,3
Matt Walker,PHI,D,4,0,0,0,0,4,3,0,0,0,0,0,5,5
Kris Newbury,FA,C,11,0,1,1,-1,35,6,0,0,0,0,0,19,1
Nolan Yonkman,CGY,D,16,0,1,1,5,39,8,0,0,0,0,0,41,11
Dave Scatchard,FA,C,8,0,1,1,1,6,6,0,0,0,0,0,7,0
Peter Forsberg,FA,C,2,0,0,0,-4,4,3,0,0,0,0,0,3,0